"year","month","day","no3","po4","tn","tp","stage","temp","turb"
1998,10,15,2.71,70.9,NA,NA,NA,NA,NA
1998,10,21,2.51,46.8,NA,NA,NA,NA,NA
1998,10,30,2.41,32.4,NA,NA,NA,NA,NA
1998,11,3,2.55,27.6,NA,NA,NA,NA,NA
1998,11,10,2.72,60,NA,NA,NA,NA,NA
1998,11,19,2.69,18.7,NA,NA,NA,NA,NA
1998,11,24,2.67,54.5,NA,NA,NA,NA,NA
1998,12,4,2.66,20,NA,NA,NA,NA,NA
1998,12,10,2.96,19.8,NA,NA,NA,NA,NA
1998,12,18,4.15,16.1,NA,NA,NA,NA,NA
1998,12,22,3.4,11.1,NA,NA,NA,NA,NA
1998,12,30,3.77,31.1,NA,NA,NA,NA,NA
1999,1,9,1.08,194.9,NA,NA,NA,NA,NA
1999,1,15,1.21,NA,NA,NA,NA,NA,NA
1999,1,25,1.96,47.9,NA,NA,NA,NA,NA
1999,1,28,2.52,32,NA,NA,NA,NA,NA
1999,2,2,2.22,28.7,NA,NA,NA,NA,NA
1999,2,11,2.55,6.8,NA,NA,NA,NA,NA
1999,2,18,1.15,18,NA,NA,NA,NA,NA
1999,2,25,3.03,4.5,NA,NA,NA,NA,NA
1999,3,4,1.2,9.3,NA,NA,NA,NA,NA
1999,3,11,2.42,4.7,NA,NA,NA,NA,NA
1999,3,16,1.94,6,NA,NA,NA,NA,NA
1999,3,23,NA,8,NA,NA,NA,NA,NA
1999,3,30,2.04,8.6,NA,NA,NA,NA,NA
1999,4,6,1.46,12,NA,NA,NA,NA,NA
1999,4,13,1.68,11.4,NA,NA,NA,NA,NA
1999,4,20,1.86,8.9,NA,NA,NA,NA,NA
1999,4,27,2.02,16,NA,NA,NA,NA,NA
1999,5,6,2.17,18.6,NA,NA,NA,NA,NA
1999,5,13,2.08,5.7,NA,NA,NA,NA,NA
1999,5,20,2.43,32.1,NA,NA,NA,NA,NA
1999,5,27,2.38,39.6,NA,NA,NA,NA,NA
1999,6,3,2.12,48.7,NA,NA,NA,NA,NA
1999,6,9,2.67,90.2,NA,NA,NA,NA,NA
1999,6,18,2.67,94.8,NA,NA,NA,NA,NA
1999,6,25,2.89,88.6,NA,NA,NA,NA,NA
1999,7,1,2.7,NA,NA,NA,NA,NA,NA
1999,7,7,2.14,7.4,NA,NA,NA,NA,NA
1999,7,13,2.13,102.1,NA,NA,NA,NA,NA
1999,7,21,1.36,115.1,NA,NA,NA,NA,NA
1999,7,28,1.55,1.5,NA,NA,NA,NA,NA
1999,8,3,2.89,126.7,NA,NA,NA,NA,NA
1999,8,10,3.03,86,NA,NA,NA,NA,NA
1999,8,17,2.51,101,NA,NA,NA,NA,NA
1999,8,23,3,101,NA,NA,NA,NA,NA
1999,9,2,3.12,89,NA,NA,NA,NA,NA
1999,9,7,1.03,93.7,NA,NA,NA,NA,NA
1999,9,16,1.68,100.5,NA,NA,NA,NA,NA
1999,9,21,0.65,NA,NA,NA,NA,NA,NA
1999,9,30,0.96,87,NA,NA,NA,NA,NA
1999,10,5,1.16,28.1,NA,NA,NA,NA,NA
1999,10,12,1.95,35.8,NA,NA,NA,NA,NA
1999,10,19,2.2,51.6,NA,NA,NA,NA,NA
1999,10,29,2.55,33.6,NA,NA,NA,NA,NA
1999,11,4,3.13,22.1,NA,NA,NA,NA,NA
1999,11,10,3.21,35,NA,NA,NA,NA,NA
1999,11,15,2.36,1.5,2.42,1.5,NA,NA,NA
1999,11,22,2.44,1.5,2.44,3.8,NA,NA,NA
1999,11,30,1.81,1.5,1.9,41,NA,NA,NA
1999,12,9,2.45,3.7,2.71,9.1,NA,NA,NA
1999,12,13,1.36,1.5,2.2,80.4,NA,NA,NA
1999,12,21,1.83,2.2,1.83,15.1,NA,NA,NA
1999,12,29,3.18,1.5,3.18,2.2,NA,NA,NA
2000,1,7,2.81,1.5,3.07,3.3,NA,NA,NA
2000,1,12,2.36,1.5,2.53,14.1,NA,NA,NA
2000,1,18,3.67,1.5,3.71,2.1,NA,NA,NA
2000,1,28,3.71,2.1,3.67,2.5,NA,NA,NA
2000,2,2,3.51,3.1,4.41,1.5,NA,NA,NA
2000,2,10,2.77,1.5,2.77,2.9,NA,NA,NA
2000,2,16,2.08,1.5,2,7.4,NA,NA,NA
2000,2,23,2.26,5.7,2.27,7.3,NA,NA,NA
2000,2,28,1.01,2.6,1.51,56.1,NA,NA,NA
2000,3,8,2.19,1.5,2.2,8.5,NA,NA,NA
2000,3,14,2.2,1.5,2.29,6.3,NA,NA,NA
2000,3,21,0.75,42,0.75,137,NA,NA,NA
2000,3,30,2,4,2,13,NA,NA,NA
2000,4,6,2.05,7,2,6,NA,NA,NA
2000,4,14,2.09,3,2.02,8,NA,NA,NA
2000,4,21,2.12,1.5,2.52,48,NA,NA,NA
2000,4,26,2.12,1.5,2.1,5,NA,NA,NA
2000,5,4,2.07,11,2.07,7.9,NA,NA,NA
2000,5,10,2.1,15,2.01,25,NA,NA,NA
2000,5,19,1.98,69,2.31,187.4,NA,NA,NA
2000,5,24,1.66,16,2,38.9,NA,NA,NA
2000,6,1,2.31,1.5,2.65,28.7,NA,NA,NA
2000,6,8,2.52,26,2.52,31.5,NA,NA,NA
2000,6,14,2.46,24.5,2.69,29,NA,NA,NA
2000,6,22,0.98,40.4,1.72,63.1,NA,NA,NA
2000,6,30,2.89,2.8,3.36,19.4,NA,NA,NA
2000,7,6,2.66,25.8,2.66,34.1,NA,NA,NA
2000,7,12,2.96,22.4,2.98,22.4,NA,NA,NA
2000,7,19,2.28,24,3.09,NA,NA,NA,NA
2000,7,27,1.85,25,1.85,25.3,NA,NA,NA
2000,7,31,2.61,27,2.59,26.6,NA,NA,NA
2000,8,8,2.64,28,2.64,28,NA,NA,NA
2000,8,17,3.14,21,4.34,47.5,NA,NA,NA
2000,8,23,3.09,17,3.09,17,NA,NA,NA
2000,8,29,1.21,34,1.21,34,NA,NA,NA
2000,9,6,3.34,11.7,3.34,32.5,NA,NA,NA
2000,9,13,NA,141.9,4.23,NA,NA,NA,NA
2000,9,20,1.73,47.8,1.78,55.6,NA,NA,NA
2000,9,25,0.66,47.8,0.93,67.3,NA,NA,NA
2000,10,5,3.04,17.5,3.23,27.1,NA,NA,NA
2000,10,12,3.52,13.7,3.52,24.5,NA,NA,NA
2000,10,18,1.4,77.5,1.62,84.9,NA,NA,NA
2000,10,23,2.97,17.4,2.97,29.7,NA,NA,NA
2000,11,1,3.17,15.3,3.21,24.9,NA,NA,NA
2000,11,9,2.66,23.4,2.71,39.4,NA,NA,NA
2000,11,16,3.23,10.8,3.29,20.1,NA,NA,NA
2000,11,21,3.73,3.9,3.73,20.2,NA,NA,NA
2000,11,30,2.35,4.1,2.35,NA,NA,NA,NA
2000,12,7,3.78,5.8,3.78,11,NA,NA,NA
2000,12,13,3.91,6.8,3.91,10.9,NA,NA,NA
2000,12,22,2.97,12.4,2.94,11,NA,NA,NA
2000,12,28,3.73,8,3.73,11.3,NA,NA,NA
2001,1,4,4.09,15.8,4.09,13.1,NA,NA,NA
2001,1,11,4.04,17.3,4.04,17.3,NA,NA,NA
2001,1,18,3.46,8.5,3.46,5,NA,NA,NA
2001,1,25,2.94,19.5,2.94,14.6,NA,NA,NA
2001,1,31,1.77,13.8,2.06,32.4,NA,NA,NA
2001,2,8,2.32,5.5,2.3,13.8,NA,NA,NA
2001,2,15,1.98,6,2.15,18.7,NA,NA,NA
2001,2,23,1.4,14.3,1.77,11.5,NA,NA,NA
2001,3,1,2.51,5.6,2.57,10.5,NA,NA,NA
2001,3,9,2.38,3.4,2.55,11.6,NA,NA,NA
2001,3,13,1.35,7.4,2.2,149.4,NA,NA,NA
2001,3,19,2.24,3.3,2.39,17.1,NA,NA,NA
2001,4,2,2.06,3.7,2.21,22.3,NA,NA,NA
2001,4,5,2.05,4,2.16,15.1,NA,NA,NA
2001,4,12,1.41,4.5,1.77,33.9,NA,NA,NA
2001,4,16,1.32,3.1,1.32,34.6,NA,NA,NA
2001,4,23,1.58,2.4,1.58,18.9,NA,NA,NA
2001,5,3,2.11,1.5,2.11,74.5,NA,NA,NA
2001,5,7,2.75,1.5,2.75,25.1,NA,NA,NA
2001,5,17,2.48,6.4,2.67,24.4,NA,NA,NA
2001,5,21,1.09,9.9,1.53,44.6,NA,NA,NA
2001,6,1,1.45,6.3,2.53,14.2,NA,NA,NA
2001,6,4,2.34,9,2.65,17.4,NA,NA,NA
2001,6,14,2.05,19.7,2.33,36.2,NA,NA,NA
2001,6,19,2.14,11.1,2.65,39,NA,NA,NA
2001,6,26,2.33,14.7,2.76,37.2,NA,NA,NA
2001,7,2,1.83,20.5,2.29,46.4,NA,NA,NA
2001,7,5,2.24,18.8,2.6,46.2,NA,NA,NA
2001,7,9,1.46,18.5,1.74,56.2,NA,NA,NA
2001,7,16,2.59,20.7,2.56,44.2,NA,NA,NA
2001,7,23,2.4,22.3,2.48,34.5,NA,NA,NA
2001,7,30,1.91,15.1,2.14,32.2,NA,NA,NA
2001,8,6,2.15,25.5,2.47,51,NA,NA,NA
2001,8,13,1.31,33.4,1.75,69.8,NA,NA,NA
2001,8,20,1.23,17.8,1.51,29.8,NA,NA,NA
2001,8,27,2.41,11.3,2.41,38.2,NA,NA,NA
2001,9,4,2.39,21.5,2.42,50.1,NA,NA,NA
2001,9,10,1.94,28.5,2.19,54.7,NA,NA,NA
2001,9,17,2.28,24.2,2.9,68,NA,NA,NA
2001,9,21,1.56,22.6,1.85,47.2,NA,NA,NA
2001,9,24,1.63,18.2,1.79,52.2,NA,NA,NA
2001,10,2,2.9,18.1,3.06,36.4,NA,NA,NA
2001,10,9,3.31,16.6,3.55,28,NA,11.7,1.39
2001,10,15,0.38,28.8,0.78,53.2,0.265176,16.75,4.95
2001,10,22,1.49,17.7,1.69,37.4,0.262128,15.39,0.86
2001,10,31,2.02,20.4,2.16,33.6,0.262128,11.44,0.88
2001,11,5,1.2,12.4,1.45,39.3,NA,11,0.54
2001,11,14,NA,14.7,3.36,225.9,NA,10,2
2001,11,19,2.58,6.8,2.63,19.5,NA,9,0.38
2001,11,26,0.77,28.2,1.46,59.6,NA,11,13.3
2001,12,2,3.09,15.8,3.11,25.9,NA,8,1.27
2001,12,10,3.15,10.4,3.27,19.2,NA,6,1
2001,12,17,3.24,2.8,3.24,13.8,NA,8,0.83
2002,1,3,4.04,2.8,4.04,11.1,NA,0,0.9
2002,1,9,3.49,3.2,3.53,18.6,NA,3,1.73
2002,1,15,3.03,7.3,3.03,14.7,NA,6,0.91
2002,1,22,2.76,3.4,2.66,17.2,NA,5,2.91
2002,1,29,2.45,2.2,3.51,10.6,NA,10,1.68
2002,2,4,2.74,3.1,3.67,10.9,NA,5,1.2
2002,2,13,3.17,2.3,4.56,7.4,NA,5,1.34
2002,2,18,3.31,2.9,3.5,8,NA,6,0.77
2002,3,4,2.34,3.5,2.63,17.6,NA,6,3.98
2002,3,11,2.49,4.5,3.11,10.7,NA,9,1.65
2002,3,18,1.58,18.3,2.49,31.2,NA,7,15.77
2002,4,2,1.68,4.8,2.18,7.4,NA,16,2.77
2002,4,8,1.79,5.3,1.79,7.7,NA,16,1.88
2002,4,15,0.71,5.5,2.51,4.9,NA,22,5.2
2002,4,25,1.88,4.2,2.52,15.4,NA,13,3.52
2002,4,29,1.54,8.5,2.17,24.4,NA,12,8.76
2002,5,6,1.96,10,2.65,25.9,NA,9,2.65
2002,5,13,1.79,11,2.37,27.3,NA,19,2.6
2002,5,20,2.37,11.9,3.04,26.2,NA,12,2.32
2002,5,28,0.92,15.3,1.64,39.3,NA,17,7.25
2002,6,3,2.34,30.8,2.83,37.2,NA,18,2.88
2002,6,10,2.09,39.1,NA,NA,NA,21,3.86
2002,6,17,2.34,32.9,2.71,38.6,NA,18,2.64
2002,6,24,2.13,27.4,2.79,46.6,NA,21,4.1
2002,7,1,NA,28.1,2.79,41.9,NA,21,8.36
2002,7,11,1.27,38.1,1.79,50.6,NA,19,4.57
2002,7,15,1.36,29.5,1.93,63.1,NA,20,5.81
2002,7,22,0.44,36.3,NA,NA,NA,25,6.76
2002,7,29,0.48,56.4,3.1,254.4,NA,24,5.95
2002,9,3,1.17,24.3,2.01,27,0.262128,18.5,1.81
2002,9,10,1.29,15.6,1.61,30.5,0.25908,19.3,1.87
2002,9,17,0.5,22.9,0.84,53.8,0.24384,20.1,2.86
2002,9,24,1.6,18.7,NA,NA,NA,NA,NA
2002,10,1,1.54,23.4,2.12,46.2,0.256032,20,NA
2002,10,8,1.51,17.8,2.09,34.8,0.256032,13,NA
2002,10,22,2.65,14,3.5,14,0.286512,11,NA
2002,10,29,2.64,4.8,NA,NA,0.27432,9,NA
2002,11,5,2.57,4.1,NA,NA,0.280416,8,NA
2002,11,12,0.26,28.1,NA,NA,0.377952,12,NA
2002,11,19,1.86,10.4,NA,NA,0.313944,8,NA
2002,11,26,2.06,NA,NA,NA,0.298704,8,NA
2002,12,3,2.36,468.9,NA,NA,0.286512,2,NA
2002,12,10,2.66,262.6,10.35,NA,0.292608,2,NA
2002,12,17,2.42,128.1,6.35,170.6,0.313944,4,NA
2003,1,7,2.3,12,2.83,23.6,0.3048,2,NA
2003,1,14,2.91,5.8,3.68,13.6,0.3048,2,NA
2003,1,21,3.18,7.7,3.88,11.7,0.3048,1,NA
2003,1,28,3.54,6.1,3.46,15,0.3048,0,NA
2003,2,4,1.49,49.7,2.62,89,0.3048,2,NA
2003,2,11,3.09,7,NA,11.2,0.3048,2,NA
2003,3,4,2.34,21.6,NA,NA,0.3048,3,NA
2003,3,11,2.26,2.9,2.44,15.3,0.3048,2,NA
2003,3,19,1.43,3.1,1.71,14.3,0.3048,9,NA
2003,3,25,1.64,3.8,1.88,15.7,0.3048,15,NA
2003,4,2,0.83,4.1,1.87,13.9,0.3048,16,NA
2003,4,8,1.48,4.7,1.88,19.3,0.3048,6,NA
2003,4,15,1.42,5.1,1.7,18.1,0.3048,20,NA
2003,4,22,1.4,2.6,2.13,2.9,0.3048,14,NA
2003,4,29,1.5,3.2,1.7,14.1,0.3048,15,NA
2003,5,6,1.76,4.2,1.89,15.7,0.3048,13,NA
2003,5,13,1.83,8.4,1.97,27,0.3048,13,NA
2003,5,20,1.89,12.8,2.06,29.1,0.3048,16,NA
2003,5,27,1.6,19.6,1.87,38,0.3048,14,NA
2003,6,3,2.02,12.3,2.02,26.5,0.3048,14,NA
2003,6,10,2.18,13.5,2.18,26.5,0.3048,20,NA
2003,6,17,1.97,18.4,1.88,33.4,0.3048,16,NA
2003,6,24,2.33,13.5,2.33,40.7,0.3048,19,NA
2003,7,1,1.81,17.9,1.9,30.4,0.3048,21,NA
2003,7,8,1.68,21.8,1.84,31.6,0.3048,21,NA
2003,7,15,1.63,1.5,NA,26.6,0.3048,20,NA
2003,7,22,1.55,27.7,NA,34.9,0.3048,23,NA
2003,7,29,1.6,30.3,1.76,33.1,0.3048,21,NA
2003,8,6,1.19,5,1.41,9.2,0.3048,22,NA
2003,8,12,1.24,39.2,NA,NA,0.3048,22,NA
2003,8,19,1.6,31.2,1.93,36.5,0.3048,20,NA
2003,8,26,1.89,28.9,1.89,28.9,0.3048,21,NA
2003,9,4,1.38,32.6,1.38,43.7,0.3048,23,NA
2003,9,9,1.92,2.8,1.98,3.5,0.3048,22,NA
2003,9,16,1.88,1.5,1.89,6.8,0.3048,22,NA
2003,9,23,1.08,73.4,1.76,121.8,0.3048,21,NA
2003,9,30,2.02,8.7,2.25,40.3,0.3048,16,NA
2003,10,7,1.98,5.3,1.98,10.6,0.292608,15.5,8.09
2003,10,14,1.85,3.4,1.8,9.9,0.3048,17.3,1.99
2003,10,21,1.96,24,1.97,44.1,0.298704,14.5,14.82
2003,10,28,1.57,6.8,1.77,39.1,0.33528,11.7,9.95
2003,11,4,1.87,8.6,1.87,9,0.292608,15.7,2.19
2003,11,11,2.23,8.7,2.23,6.6,0.280416,NA,1.12
2003,11,18,2.12,25.5,2.12,21.6,0.277368,9.9,1.77
2003,11,25,2.02,103,4.66,164,0.3048,NA,NA
2003,12,2,2.48,27.9,2.48,27.2,0.286512,5.6,2.3
2003,12,9,2.06,19.9,3.3,17.3,0.298704,4.1,3.29
2003,12,16,2.28,18.2,3,22.4,0.323088,4.7,3.84
2003,12,22,2.85,23,2.99,23,0.298704,5,2.23
2003,12,29,NA,21.1,2.65,21.8,0.298704,4.8,2.2
2004,1,6,2.18,18,2.18,63.2,0.28956,5.2,4.81
2004,1,14,2.26,24,3.01,20.3,0.27432,1.8,1.37
2004,1,21,3.52,9.1,3.49,22.6,0.268224,1.2,1.57
2004,1,28,3.19,22.1,3.19,20.9,0.280416,0.9,2.39
2004,2,3,0.84,32.8,1.51,246,0.438912,0.6,186.1
2004,2,10,NA,58.1,2.47,55.5,0.338328,5.7,12.34
2004,2,18,2.69,48.5,2.69,48.5,0.286512,4.1,1.7
2004,2,24,2.44,54.7,2.53,66,0.292608,4.6,2.78
2004,3,2,NA,18,2.04,69.7,0.3048,11,5.07
2004,3,9,2.37,58.9,2.3,58.9,0.307848,7.9,3.56
2004,3,16,2.2,34.5,3.07,34.5,0.316992,4.6,61.1
2004,3,23,2.55,8.6,2.49,12.4,0.27432,8.1,2.89
2004,3,30,2.28,7.5,2.25,2.9,0.268224,8.6,2.74
2004,4,6,2.39,7.5,2.35,9.5,0.298704,7.3,3
2004,4,13,1.53,5.6,1.53,41.8,0.347472,8.5,19.6
2004,4,20,1.99,9.5,2.1,12.8,0.27432,18.4,4.48
2004,4,27,1.71,8.8,1.92,42.4,0.310896,15.3,14.63
2004,5,4,2.16,8.1,2.23,28.6,0.283464,12.5,4.2
2004,5,11,2.1,15.2,2.1,26.8,0.256032,19.2,3.74
2004,5,18,1.62,15.1,1.75,36.9,0.277368,19.7,6.35
2004,5,25,2.09,16.9,2.09,57.2,0.225552,20.8,NA
2004,6,1,1.97,11.5,1.9,46.3,0.231648,18.4,6.72
2004,6,8,2.02,15.5,2.11,44.9,0.256032,18.6,5.79
2004,6,15,1.81,15.9,1.88,26,0.237744,20.5,6.71
2004,6,22,2.22,10.8,2.2,33.2,0.207264,20.5,5.47
2004,6,29,1.74,24.3,1.83,49.3,0.207264,18.4,7.99
2004,7,6,1.79,28.9,1.81,68.5,NA,21.7,10.98
2004,7,13,2.23,38.4,2.15,71.9,NA,21.2,10.13
2004,7,20,2.17,27.3,2.21,88.1,NA,21,4.64
2004,7,27,1.22,46.9,1.34,80.6,0.207264,21.3,13.55
2004,8,3,2.01,42,1.92,74.6,NA,22.7,7.58
2004,8,10,2.35,47.1,2.35,59.9,NA,20.1,7.53
2004,8,17,2.3,41.3,2.3,51.8,NA,19.9,2.03
2004,8,24,2.22,17.8,2.14,78.7,NA,19.9,8.36
2004,8,31,1.97,64.1,1.98,86.7,NA,22.2,8.86
2004,9,8,1.91,62.6,1.88,NA,NA,20.5,8.15
2004,9,14,2.03,51.4,1.98,NA,NA,18.9,7.41
2004,9,21,2.13,20,2.08,NA,0.262128,16.5,2.59
2004,9,28,1.4,45.7,1.61,NA,0.271272,19.3,8.25
2004,10,5,2.07,21.4,2.01,NA,0.24384,15.9,2.99
2004,10,12,2.37,18.5,2.3,19,0.256032,11.5,2.93
2004,10,19,1.9,5,1.98,28,0.268224,12.8,2.95
2004,10,26,2.04,19.6,2.15,28.5,0.262128,12.7,1.13
2004,11,2,1.85,19.2,1.86,30.9,0.256032,13.8,0.86
2004,11,9,2.26,8.5,2.22,15.8,0.256032,7.5,0.75
2004,11,16,2.17,7.8,2.15,12.2,0.27432,8.4,1.45
2004,11,23,1.87,8.6,1.9,19,0.268224,11,1.47
2004,11,30,2,8,2.03,15,0.277368,8.4,3.05
2004,12,7,1.69,5,1.72,14.4,0.298704,8.6,11.47
2004,12,14,2.3,8.1,2.23,10.1,0.27432,5,2.07
2004,12,21,2.96,9.8,2.92,7,0.25908,1.1,1.53
2004,12,28,3.09,10.8,3.14,7.8,0.277368,1.3,2.48
2005,1,4,2.16,9.9,2.17,13.2,0.27432,11.6,2.54
2005,1,11,2.39,9.4,2.36,10.6,0.280416,7,4.29
2005,1,18,3.14,13.8,3.2,20.1,0.286512,1.4,2.37
2005,1,25,2.91,11.1,2.89,9.7,0.280416,1.4,3.4
2005,2,1,3.19,13.8,3.16,13.8,0.268224,2.6,1.86
2005,2,8,2.15,10,2.2,8.7,0.292608,7,5.16
2005,2,15,1.91,7.8,2.09,23.7,0.323088,7,9.47
2005,2,22,2.3,10,2.32,9.1,0.298704,6,3.45
2005,3,1,1.69,9.1,2.06,47.1,0.329184,4.9,30.1
2005,3,8,1.29,7.7,1.77,88.6,0.393192,3.4,48.8
2005,3,15,2.33,12.7,2.49,11.8,0.28956,7.2,2.65
2005,3,21,2.15,11.5,2.3,18,0.292608,11.1,3.08
2005,3,29,1.67,6.3,1.86,59.8,0.35052,11,20
2005,4,5,1.97,7.6,2.25,26.8,0.316992,14,3.22
2005,4,12,2.02,8.1,2.33,17.1,0.301752,12.9,1.99
2005,4,19,1.83,7.4,2.11,20.5,0.28956,NA,2.21
2005,4,26,1.8,7.5,2.14,24.4,0.292608,13.1,2.38
2005,5,4,2.02,8.8,2.22,21.3,0.286512,10.8,1.74
2005,5,11,1.9,10,1.98,25.4,0.277368,18.2,2.05
2005,5,17,2.06,11.4,2.16,26,0.277368,14.2,17.6
2005,5,24,2.19,6.2,2.57,64.7,0.3048,13.3,8.06
2005,5,31,2.2,37.6,2.69,109,0.27432,16.7,2.17
2005,6,7,1.38,26.4,NA,63.7,0.283464,20.2,5.04
2005,6,14,1.78,74.2,1.88,74.2,0.262128,23.8,4.9
2005,6,21,2,55.4,2.08,51.7,0.256032,18.8,30.8
2005,6,28,1.29,57.9,1.53,83.3,0.249936,23.3,5.39
2005,7,6,0.86,37.6,1.27,88.6,0.286512,21.7,8.43
2005,7,12,1.96,54,1.99,63.9,0.265176,22,5.16
2005,7,19,1.81,49.4,1.87,65.2,0.268224,23.2,4.14
2005,7,26,1.56,58.2,1.64,78.8,0.268224,24.4,4.5
2005,8,2,1.78,63,1.78,64.8,0.265176,23.3,6.88
2005,8,9,0.95,49.9,1.35,63.9,0.27432,21.7,6.29
2005,8,16,1.29,77.9,1.4,105,0.262128,27.7,4.94
2005,8,23,1.15,61.5,1.31,85.3,0.256032,21,4.88
2005,8,30,1.11,61.5,1.17,69.4,0.265176,22.3,3.68
2005,9,6,1.14,51,1.25,86.9,0.246888,20.8,8.74
2005,10,11,NA,NA,NA,NA,NA,NA,NA
2005,10,12,2.04,46.1,2.05,57.3,0.271272,16.2,1.47
2005,10,18,2.28,32.5,NA,41.5,0.268224,15.6,0.8
2005,10,25,1.27,67.1,1.91,132,0.44196,10,17.94
2005,11,1,2.22,28.1,2.33,25.7,0.27432,11.7,0.74
2005,11,9,1.24,24.3,1.43,28.9,0.268224,13.2,0.54
2005,11,15,1.41,9.1,1.68,12.5,0.271272,12.3,0.49
2005,11,22,2.05,14.2,2.56,51.6,0.347472,8,8.49
2005,11,29,1.58,5.6,1.88,6,0.277368,13.2,0.71
2005,12,6,1.92,5.2,2.38,9.8,0.298704,3.3,1.21
2005,12,14,3.12,6.6,3.22,8.7,0.292608,0.6,0.72
2005,12,20,2.8,5.7,2.8,5.6,0.298704,1.3,1.37
2005,12,28,2.3,3.3,2.36,9.6,0.28956,3.9,1.56
2006,1,3,2.14,8.3,2.29,21.1,0.347472,5.2,11.23
2006,1,10,2.1,3.4,2.02,5.6,0.292608,6.4,1.11
2006,1,17,2.2,3.8,2.35,5.7,0.295656,3.6,1.89
2006,1,24,1.88,3.5,2.17,20.5,0.313944,5.3,3.84
2006,1,31,1.1,2.3,1.36,22.1,0.341376,7.6,23.18
2006,2,7,2.3,3.7,2.46,7.3,0.307848,4.3,2.35
2006,2,14,2.35,4.1,2.53,6.1,0.295656,3.2,1.54
2006,2,21,2.3,3.9,2.53,6.9,0.298704,4.8,1.63
2006,2,28,2.24,4,2.46,7.4,0.286512,4.3,1.42
2006,3,7,2.1,3.3,2.27,6.2,0.286512,7.3,1.68
2006,3,21,2.37,7.4,2.43,12,0.27432,5.7,0.91
2006,3,28,2.24,7.3,2.35,8.5,0.271272,11.3,1.15
2006,4,4,1.61,5.6,1.82,20.5,0.286512,12.3,4.25
2006,4,11,1.79,6.8,1.99,18.7,0.286512,12.3,2.05
2006,4,19,1.79,7.3,1.92,13.5,0.268224,16.3,1.74
2006,4,25,1.75,7.8,1.76,14.6,0.292608,15.1,3.63
2006,5,2,2.06,8.5,2.07,10.5,0.277368,16.6,2.32
2006,5,9,2.18,10.7,2.21,8.1,0.313944,13.7,1.38
2006,5,16,1.91,8.5,1.96,11.9,0.286512,14.2,NA
2006,5,23,2.33,10.2,2.33,12.8,0.268224,12.3,1.78
2006,5,31,1.41,31.9,1.96,111,0.268224,23,5.7
2006,6,6,1.72,34.6,1.76,29.9,0.262128,18.3,1.63
2006,6,13,1.53,32.9,1.68,54.7,0.265176,17.9,2.868
2006,6,20,1.15,28.1,1.29,31.6,0.265176,21.5,4.75
2006,6,28,0.82,28.9,1.26,43,0.326136,22.9,9.16
2006,7,5,0.71,23.1,0.98,46.8,0.3048,22.6,9.28
2006,7,11,1.91,29.1,1.86,29.1,0.27432,22.6,3.03
2006,7,18,3.09,16.7,3.13,16.5,0.286512,23.5,3.36
2006,7,25,1.68,13,1.73,12,0.280416,22.2,2.28
2006,8,1,1.87,11.2,1.88,16.1,0.280416,23.6,3.48
2006,8,8,1.61,11.2,1.54,11.2,0.27432,23.4,2.07
2006,8,15,1.83,3,1.83,3.7,0.27432,23.2,3.24
2006,8,22,1.78,2.1,1.76,2.8,0.27432,23.2,1.59
2006,8,30,1.75,1.5,1.7,5.8,0.27432,21.7,1.96
2006,9,5,0.61,54.1,0.99,96.5,0.402336,19.2,18.7
2006,9,12,1.73,4.1,1.73,4.3,0.280416,17.7,1.41
2006,9,19,1.92,4.7,1.92,14.1,0.277368,19.8,4.81
2006,9,26,1.74,3.3,1.65,3.3,0.27432,17.8,1.16
2006,10,3,1.76,4.2,1.72,3.9,0.27432,19.1,1.35
2006,10,10,1.77,5.5,1.77,7.2,0.277368,18.9,1.14
2006,10,17,1.2,129,2.23,312,0.387096,14.1,48
2006,10,24,1.83,NA,1.78,3.9,0.280416,11.2,1.01
2006,10,31,1.58,NA,1.54,8.4,0.283464,13.7,1.36
2006,11,7,1.65,NA,1.74,4.8,0.286512,11.2,0.82
2006,11,14,1.28,9.3,1.33,8.5,0.3048,13.2,3.39
2006,11,21,1.78,NA,1.83,7,0.298704,8.7,0.83
2006,11,28,1.76,5.7,1.75,5.8,0.295656,11.1,1.44
2006,12,5,2.02,5.6,2.03,5.3,0.292608,5.7,0.91
2006,12,12,1.97,4.6,2.04,4.7,0.28956,7.6,0.84
2006,12,12,1.97,4.6,2.04,4.7,0.286512,7.4,NA
2006,12,19,1.64,4.2,1.76,4.8,0.286512,8.6,1.17
2006,12,26,1.23,4,1.44,12.2,0.326136,9.1,10.27
2007,1,3,1.82,4.9,1.98,15.1,0.307848,6,3.55
2007,1,9,1.52,4.5,1.73,12.3,0.329184,6,7.46
2007,1,16,1.72,9.8,1.82,9.8,0.298704,8.4,1.81
2007,1,23,2.17,8.9,2.19,4.2,0.298704,5.4,1.44
2007,1,30,2.35,8.1,2.35,3.8,0.298704,3.5,0.87
2007,2,6,2.53,8.2,2.6,5.8,0.28956,1.4,1.49
2007,2,6,2.53,8.2,2.6,5.8,0.286512,1.2,NA
2007,2,13,2.24,6.8,2.33,5.2,0.292608,2.4,1.8
2007,2,20,2.35,6.4,2.41,5.5,0.286512,3.9,1.02
2007,2,27,1.41,59,1.86,57.1,NA,4.5,13.4
2007,3,6,2.28,7.5,2.37,7.4,0.301752,3,1.8
2007,3,13,1.79,7.7,1.83,7.6,0.3048,7.9,3.18
2007,3,20,1.48,7.8,1.52,7.7,0.323088,8.8,6.13
2007,3,27,1.49,9,1.66,10.5,0.310896,12.3,3.4
2007,4,3,1.6,8.4,1.77,6,0.27432,13.9,1.865
2007,4,10,1.99,6.2,2.16,5.5,0.295656,8.9,1.22
2007,4,17,1.76,5.6,1.96,18.1,0.338328,10,3.35
2007,4,24,1.31,8.7,1.42,12,0.286512,17.8,710
2007,5,1,1.52,9.5,1.64,6.1,0.286512,15.8,2.34
2007,5,8,2.09,10.6,2.05,7,0.280416,13.4,1.26
2007,5,15,2.06,11,1.99,7.5,0.268224,17.6,0.97
2007,5,22,2.26,11.3,2.35,10.3,0.265176,16.1,1.33
2007,5,29,1.62,11.9,1.66,15.4,0.265176,18.5,2.19
2007,6,5,1.69,NA,1.64,18.7,0.256032,19.8,2.34
2007,6,12,1.42,16.1,1.61,39.5,0.256032,19.6,3.38
2007,6,20,0.91,29.3,1,40.7,0.262128,21.4,3.66
2007,6,27,0.7,37,1.2,36.8,0.246888,8.7,35.9
2007,7,3,1.13,23.7,1.22,32.7,0.24384,18.7,5.21
2007,7,10,1.14,31.9,1.31,61.8,0.249936,23.2,4.73
2007,7,17,1.59,11.6,1.63,13.9,0.256032,23.5,3.08
2007,7,31,2.22,44,2.67,69.6,0.195072,20.3,2.29
2007,8,7,2.64,30.5,3.05,85.9,0,21.6,0.823
2007,8,14,1.57,33.1,2.06,163,0.219456,21.2,3.52
2007,8,21,0.89,41.1,0.96,70.4,0.356616,18.6,21.7
2007,8,28,1.67,99.8,1.84,183,0.249936,21.6,3.86
2007,10,30,1.24,48.2,1.43,48.2,0.249936,11.6,0.45
2007,11,6,1.29,42.1,1.44,52.6,0.256032,10.5,0.7
2007,11,13,0.69,22.1,0.89,41,0.295656,11.9,8.72
2007,11,20,1.51,20.9,1.64,47.4,0.256032,9.5,0.345
2007,11,27,0.16,5.4,0.49,33.8,0.256032,9.4,1.88
2007,12,4,1.73,13.9,1.97,22.7,0.265176,3.6,1
2007,12,11,1.5,6.4,1.8,21.3,0.268224,7.5,1.44
2007,12,18,2.48,8.2,2.74,21.9,0.280416,2.5,1.29
2007,12,26,1.37,NA,1.38,9.9,0.027432,9,10.47
2008,1,8,2,NA,2,8.1,0.277368,10.9,0.82
2008,1,15,2.37,NA,2.29,6.4,0.271272,5,0.62
2008,1,22,2.8,NA,2.71,6.7,0.280416,2.2,0.75
2008,1,29,2.8,NA,2.71,5.9,0.277368,4.7,0.93
2008,2,6,2.13,NA,2.29,18.1,0.295656,12.8,3.295
2008,2,12,2.8,6.2,2.8,5,0.280416,2.5,0.8
2008,2,19,1.97,4.9,1.87,4.5,0.292608,7.1,3.768
2008,2,26,2.64,2.8,NA,87.9,0.344424,7,78.7
2008,3,4,1.93,4.7,2.04,6.3,0.283464,11.8,2.35
2008,3,11,1.77,4.8,1.87,5.6,0.292608,0.94,2.69
2008,3,18,1.62,4.7,1.76,7.4,0.283464,9,2.15
2008,3,25,1.48,4.5,2,9.8,0.286512,10.7,1.75
2008,4,1,1.4,4.3,1.55,9.8,0.298704,15.3,4.99
2008,4,8,1.47,5.9,1.67,13.2,0.28956,10.3,3.91
2008,4,15,1.43,5.9,1.57,7.6,0.280416,14.3,1.87
2008,4,22,1.15,7.2,1.45,19,0.298704,18.4,11.88
2008,4,29,1.4,4.7,1.59,30.1,0.323088,13.1,16.15
2008,5,6,1.65,8.6,1.69,6.6,0.27432,17.6,2.11
2008,5,13,1.25,10.2,1.28,20.4,0.332232,14.6,13.8
2008,5,20,1.02,10.5,1.12,52.5,0.33528,12.2,41.75
2008,5,26,2.05,17.9,2.05,17.9,0.277368,18.7,2.66
2008,6,3,1.82,17.3,1.8,20.6,0.27432,21.7,1.84
2008,6,10,1.61,34.9,1.65,34.9,0.262128,24.2,2.6
2008,6,17,1.48,30.3,1.48,30.3,0.27432,19.7,2.52
2008,6,24,1.05,23.6,1.14,38.6,0.256032,19.3,2.4
2008,7,1,0.84,31,1.06,42.6,0.252984,20.8,3.97
2008,7,8,1.11,32.3,1.07,34.6,0.246888,21.7,2.42
2008,7,15,0.93,36.5,1.14,60.8,0.252984,22.1,1.89
2008,7,22,1.03,32.8,1.02,36.4,0.246888,24.3,3.75
2008,7,29,1.15,17.3,NA,20.5,0.24384,22.9,3.2
2008,8,5,1.79,9.3,1.75,41.5,0.237744,22.7,4.22
2008,9,16,0.93,41.4,1.02,37.7,0.24384,19.6,1.81
2008,9,23,0.85,27.1,1.01,58.3,0.225552,19.7,1.62
2008,9,30,1.75,20.9,1.73,32.4,0.256032,17.4,1.37
2008,10,7,2.07,18,2.02,26.7,0.256032,13.2,0.91
2008,10,14,1.67,16.8,1.58,18.9,0.256032,16.5,0.845
2008,10,21,1.95,27.2,1.9,25.4,0.25908,11.7,0.82
2008,11,4,1.68,38,1.61,44.4,0.262128,13.1,2.5
2008,11,11,1.44,20.8,1.6,29,0.265176,9.1,1.17
2008,11,18,1.36,7.6,1.52,40,0.28956,6.5,2.92
2008,11,25,1.22,4,1.42,19.9,0.27432,6.3,1.89
2008,12,3,1.92,5,2,10.9,0.280416,5.5,2.44
2008,12,9,2.48,6,2.52,10.7,0.27432,3.6,0.7
2008,12,16,1.43,4,1.57,15.5,0.292608,6.7,4.28
2008,12,23,2.48,6,2.63,9.8,0.286512,1.4,1.45
2008,12,30,2.09,24,2.12,24,0.283464,5.3,1.85
2009,1,6,2.2,23,2.19,23,0.286512,4.5,1.94
2009,1,13,2.3,24,2.3,24,0.286512,3.5,1.56
2009,1,21,3.09,28,3.13,28,0.280416,1,0.78
2009,1,30,2.64,24,2.6,24,0.277368,2.5,1.21
2009,2,3,1.95,19,2.06,19,0.286512,3.6,2.49
2009,2,11,1.61,19,1.67,19,0.28956,8.9,3.26
2009,2,17,2.15,22,2.26,22,0.280416,7.4,3.78
2009,2,24,2.73,30,2.65,30,0.27432,2.4,1.59
2009,3,3,1.9,25,2.45,24.4,0.283464,1.8,2.26
2009,3,10,1.62,23,1.78,23,0.277368,7.2,2.04
2009,3,24,2.15,24,2.15,24,0.268224,7.6,0.86
2009,3,31,1.61,21,1.88,20.4,0.286512,11.5,4.11
2009,4,7,1.34,47,1.61,91.3,0.338328,9.2,11.32
2009,4,14,0.84,10,1.4,88.8,0.35052,9.3,50.88
2009,4,21,1.07,23,1.54,61.6,0.332232,15.4,29.3
2009,4,28,1.55,31,1.55,31,0.283464,21.4,5.05
2009,5,5,1.27,19,1.27,63.2,0.326136,13.1,34
2009,5,14,1.91,23,1.91,21.7,0.280416,16,4.45
2009,5,19,1.74,14,1.74,101,0.347472,14.7,16.7
2009,5,27,1.45,30,1.45,29.8,0.277368,15.9,3.54
2009,6,4,1.12,27,1.12,38.4,0.286512,16.8,6.57
2009,6,10,1.52,20,1.5,39.7,0.283464,19.6,4.06
2009,6,16,1.75,15,1.68,35.4,0.3048,18.4,11.75
2009,6,25,1.62,47,1.85,47.8,0.268224,20.7,3.99
2009,7,1,1.36,25,1.36,23.7,0.25908,20.6,4.58
2009,7,8,1.59,50,1.62,56.4,0.256032,19,9.95
2009,7,15,1.31,35,1.35,35,0.2505456,19.5,3.98
2009,7,22,0.96,33,1.07,49.5,0.2715768,20.5,6.37
2009,7,29,1.35,48,1.34,45.7,0.2609088,21.6,3.39
2009,8,5,1.48,72,1.45,72,0.256032,22.2,3.23
2009,8,12,1.09,48,1.18,48,0.254508,22.1,4.05
2009,8,19,0.35,58,0.61,64.1,0.2554224,23.2,4.03
2009,8,26,1.26,37,1.33,49.2,0.25908,23,2.84
2009,9,2,1.8,38,1.8,38,0.262128,18.6,1.88
2009,9,9,1.67,40,1.67,40,0.262128,18.8,2.18
2009,9,16,1.69,23,1.74,23,0.27432,20,2.07
2009,9,23,1.59,23,1.57,23,0.268224,19,1.8
2009,9,30,1.6,22,1.59,22,0.271272,15.2,0.7
2009,10,7,1.64,33,1.64,33,0.265176,16.4,1.3
2009,10,14,1.64,25,1.61,25,0.262128,10.6,1.25
2009,10,28,0.53,19,1.05,84.6,0.3898392,14.6,19.7
2009,11,4,1.71,17,1.75,13.4,0.292608,9.6,2.12
2009,11,18,1.81,17,1.94,17,0.2901696,10.6,1.68
2009,11,25,0.84,9,1.24,58,0.368808,11.3,31.7
2009,12,2,2.03,16,2.17,11.5,0.2916936,7.2,3.11
2009,12,10,1.62,22,1.79,22,0.3264408,5.4,8.06
2009,12,16,1.99,15,2.12,16.8,0.301752,4.7,3.24
2009,12,23,2.07,15,2.15,15,0.3029712,1.8,3.3
2010,1,7,2.8,18,3.11,18,0.2913888,2.2,1.31
2010,1,13,2.91,16,3.05,16,0.2813304,2.1,1.18
2010,1,20,2.05,13,2.15,15.7,0.3026664,4,3.63
2010,1,27,1.98,13,2.28,8.2,0.3057144,3.9,3.9
2010,2,4,2.3,15,2.48,15,0.2889504,2.9,1.58
2010,2,17,2.11,15,2.2,15,0.2947416,2.8,2.81
2010,2,25,1.19,16,1.52,11.1,0.345948,3.7,9.61
2010,3,3,1.2,9,1.59,18.7,0.345948,3.6,9.09
2010,3,11,1.52,5,1.65,79.9,0.3819144,8.6,2.41
2010,3,17,1.8,13,1.8,8,0.313944,9.2,4.31
2010,3,24,1.69,17,1.91,17,0.298704,10.6,4.07
2010,3,31,1.32,11,1.75,40.9,0.323088,12.6,13.28
2010,4,14,1.96,22,2.09,19.2,0.2868168,12.5,2.11
2010,4,22,1.86,15,1.93,21.4,0.280416,15,NA
2010,4,28,1.75,17,2.23,38.4,0.2983992,11.4,6.4
2010,5,5,1.71,28,1.93,35.4,0.2746248,18.2,2.27
2010,5,11,1.99,24,2.21,26.5,0.2740152,10.4,0.98
2010,5,19,1.73,26,1.94,36.5,0.2740152,12.9,2.64
2010,5,26,1.5,39,1.72,44,0.27432,19.2,1.34
2010,6,2,1.28,42,1.43,54.3,0.2648712,20.5,2.45
2010,6,9,1.68,64,1.76,85.3,0.262128,16.1,3.57
2010,6,16,1.44,139,2.06,190,0.295656,20.1,6.74
2010,6,23,1.13,54,1.19,75.9,0.249936,23.1,3.52
2010,6,30,0.93,48,0.93,66.3,0.246888,19.6,4.18
2010,7,7,0.97,75,1.78,228,0.225552,24.7,12.3
2010,7,14,0.61,79,1.27,216,0.4364736,22.3,36.5
2010,7,21,0.58,45,0.7,61.1,0.2505456,24,2.99
2010,7,28,0.7,38,0.7,33.8,0.2414016,25.3,1
2010,8,4,0.95,47,0.92,44.8,0.249936,24.3,3.05
2010,8,11,0.57,58,0.81,114,0.2374392,27.3,8.69
2010,8,18,1.03,106,1.15,114,0.3118104,21.8,9.58
2010,8,25,1.29,59,1.29,59,0.2557272,19.9,1.38
2010,9,1,0.96,43,0.96,43,0.249936,24.5,2.26
2010,9,29,0.48,14.7,0.44,47.8,0.2493264,17.9,2.77
2010,10,6,1.54,4.8,1.6,178,0.2648712,12.9,0.81
2010,10,13,1.11,14.8,1.15,40.5,0.2566416,14.4,0.6
2010,10,20,1.44,3.8,1.47,26.8,0.2685288,13.4,0.66
2010,10,28,0.52,23.4,0.67,23.4,0.2779776,17.6,1.26
2010,11,3,1.79,2.9,1.8,8.9,0.277368,9,0.79
2010,11,10,1.79,5.1,1.76,6.8,0.2670048,10.6,0.51
2010,11,17,0.31,3.4,0.75,37.9,0.3014472,11.8,7.23
2010,11,24,1.63,4.3,1.68,3.4,0.2715768,7.1,0.43
2010,12,2,1.27,31.1,1.39,31.1,0.300228,5.9,6
2010,12,8,2.69,3.9,2.74,15.8,0.272796,1,0.72
2010,12,15,2.71,3.9,2.72,4.7,0.03048,0.6,0.78
2010,12,22,2.98,4,2.98,12.1,0.2740152,2.4,3.24
2011,1,5,2.89,4.3,2.97,5.5,0.2679192,1.1,0.78
2011,1,12,2.94,3.9,2.92,5.1,0.28194,0.4,0.523
2011,2,3,1.61,2.1,1.92,14.7,0.32004,1.5,4.75
2011,2,9,2.18,3.3,2.29,5.7,0.2929128,0.9,3.34
2011,2,16,1.93,3.3,2.09,9.4,0.2929128,4.6,2.45
2011,2,23,1.95,3.2,1.96,5.6,0.2898648,1.8,1.78
2011,3,2,1.77,3.2,1.95,12.5,0.2983992,7.2,2.27
2011,3,9,1.81,3.4,1.93,8.8,0.3008376,6.2,1.94
2011,3,16,0.8,3.2,1.07,20.9,0.336804,8.2,13.35
2011,3,23,0.91,2.9,1.39,21.4,0.329184,7.6,14.9
2011,3,30,1.84,3.3,1.95,6,0.291084,6.1,1.22
2011,4,6,1.43,3.2,1.6,4.4,0.3008376,11,4.505
2011,4,13,0.7,41.3,1.1,54.7,0.3599688,10.9,26.65
2011,4,20,1.1,3,1.34,27,0.3166872,15.5,11.05
2011,4,27,1.25,2.8,1.48,25.5,0.2959608,18.9,2.52
2011,5,4,0.62,3.8,0.98,75.5,0.3538728,12.9,24.95
2011,5,11,1.75,3.6,1.75,13.8,0.2798064,17,1.11
2011,5,18,1.05,4.3,1.3,46.5,0.303276,16.4,4.88
2011,5,25,1.67,15.8,1.65,28.8,0.28194,19.2,2.38
2011,6,1,NA,30.9,1.46,47.5,0.2645664,23,2.17
2011,6,8,1.24,26.8,1.34,NA,NA,21.4,2.12
2011,6,15,1.11,27.4,1.16,39.3,0.260604,17.3,8.6
2011,6,22,1.05,30.2,1.17,59.6,0.2566416,22.3,2.76
2011,6,29,1.07,30.5,1.09,52.6,0.2496312,21.5,3.31
2011,7,6,1.79,4.2,1.74,25.8,0.27432,22.7,4.18
2011,7,13,0.8,24.5,0.83,65.1,0.249936,23.8,2.63
2011,7,20,0.35,18.3,0.48,89.6,0.249936,27.2,4.973
2011,7,27,0.81,45.2,0.86,65.9,0.246888,23.3,2.06
2011,8,10,0.55,21.2,0.71,52.7,0.2532888,23.2,2.76
2011,8,17,1.29,40.9,1.37,58.5,0.2505456,22.2,37.45
2011,8,24,1.24,28.3,1.33,45.4,0.2481072,21.2,46.57
2011,8,30,1.55,31.8,1.5,46.6,0.257556,19.3,1.59
2011,9,6,0.37,64,0.7,102,0.3514344,18.6,14.19
2011,9,13,1.37,27.1,1.48,43.2,0.28956,19.3,1.01
2011,9,20,1.89,20.7,1.95,39.4,0.2965704,17.4,3.97
2011,9,27,1.44,32.9,1.58,34.1,0.280416,19.4,1.31
2011,10,4,1.49,17.4,1.6,23.1,0.2807208,12.8,2.53
2011,10,11,1.46,26.2,1.46,26.2,0.2694432,15.9,0.51
2011,10,18,1.48,19,1.53,20,0.2919984,15.8,1.41
2011,10,25,1.47,22.3,1.55,27.5,0.2828544,12.4,0.52
2011,11,1,1.51,8.9,1.46,22.1,0.307848,11.7,5.54
2011,11,8,1.66,14.1,1.67,24.7,0.2828544,10.11,0.4
2011,11,15,1.23,17.7,1.24,25.7,0.2813304,13,1.27
2011,11,22,0.86,10.3,0.97,46,0.338328,10.1,7.85
2011,12,6,1.37,31.1,1.4,32,0.3218688,11.6,1.32
2011,12,13,2.11,13,2.11,8.3,0.2974848,4.4,1.35
2011,12,20,1.66,11.3,1.83,24.5,0.303276,9.6,4.26
2011,12,27,2.04,14.1,2.15,11.9,0.300228,5,2.12
2012,1,4,2.71,13.9,2.7,13.9,0.2840736,0.5,0.88
2012,1,11,2.33,10.7,2.35,5.8,0.2828544,3.9,1.01
2012,1,18,1.55,8.8,1.64,15.6,0.2959608,4.3,3.81
2012,1,25,1.8,2.72,1.92,13.4,0.2983992,3.9,1.82
2012,1,30,2.18,3.31,2.18,8.92,0.2889504,4.2,2.06
2012,2,6,2.1,3.19,2.07,7.98,0.2892552,4.4,1.78
2012,2,13,2.51,3.58,2.49,9.03,0.2889504,2.1,1.04
2012,2,20,2.06,3.26,2.01,11.8,0.28956,5.3,1.79
2012,2,27,2.18,3.46,2.23,11.6,0.2883408,7,1.11
2012,3,5,1.92,3.32,1.94,15.6,0.292608,5.3,3.14
2012,3,12,1.86,2.97,1.78,12.8,0.284988,10,1.29
2012,3,19,1.55,1.5,1.91,18.3,0.28956,13.8,1.4
2012,3,26,1.61,2.68,1.61,37.6,0.2862072,13.4,2.74
2012,4,2,1.22,1.5,1.34,28.6,0.2837688,11.6,3.07
2012,4,9,1.75,2.78,1.82,19.7,0.2709672,12.7,1.18
2012,4,16,1.51,2.92,1.59,24,0.2706624,19.6,2.33
2012,4,23,0.77,17.1,0.927,51.7,0.3163824,10.2,9.14
2012,4,30,1.6,3.08,1.68,4.81,0.272796,10.9,1.02
2012,5,7,1.8,1.5,1.8,10,0.2724912,15.2,1.25
2012,5,14,1.51,1.5,2.06,147,0.3739896,17.1,22.8
2012,5,21,1.08,1.5,1.23,72.9,0.338328,18.1,9.22
2012,5,29,1.71,1.5,1.66,33,0.280416,21.7,1.75
2012,6,6,1.79,1.5,2.1,38,0.277368,15.7,12.46
2012,6,11,1.56,1.5,1.72,13.9,0.271272,20.2,2.51
2012,6,18,2.1,1.5,2.46,54.2,0.292608,17.4,4.71
2012,6,27,1.57,1.5,1.72,41.7,0.2676144,18.5,1.1
2012,7,4,1.01,1.5,1.19,56.3,0.262128,22.8,1.24
2012,7,11,0.97,1.5,0.997,48.5,0.25908,22.3,1.58
2012,7,18,0.73,1.5,0.662,39.7,0.246888,26.4,1.63
2012,7,25,1.11,1.5,1.24,63.2,0.25908,22,2.35
2012,8,1,0.82,1.5,0.913,45.2,0.262128,22.3,2.3
2012,8,8,0.8,1.5,0.768,39.3,0.256032,22.9,2.37
2012,8,15,0.48,1.83,0.759,72.7,0.2749296,22.2,3.12
2012,8,22,0.95,1.5,1,48.3,0.262128,22,2.18
2012,8,29,1.25,1.5,1.4,53.5,0.262128,20.7,1.62
2012,9,5,1.28,2.03,1.34,48.9,0.27432,22.8,1.65
2012,9,12,1.81,1.5,1.8,30.2,0.2624328,18.1,0.84
2012,9,19,0.72,1.5,0.846,35.3,0.277368,17.3,2.47
2012,9,26,1.6,2.09,1.72,33.8,0.2627376,17.1,0.57
2012,10,3,0.94,2.06,1.07,42.7,0.3048,18.7,4.47
2012,10,10,1.71,1.5,1.8,20.3,0.2791968,14.3,0.89
2012,10,17,1.49,2.06,1.45,18.2,0.2627376,11.1,0.44
2012,10,23,1.27,2.18,1.28,14.2,0.265176,13.7,0.32
2012,10,31,1.14,2.1,1.35,89.8,0.347472,10,721
2012,11,7,NA,2.25,1.88,11.2,0.28194,6.7,0.8
2012,11,14,1.3,1.5,1.42,10,0.28956,7,1.78
2012,11,21,1.81,2.07,1.97,6.14,0.280416,7.5,0.8
2012,11,28,1.92,2.13,2.02,8.01,0.2764536,5.6,0.96
2012,12,5,1.45,2.26,1.71,9.38,0.268224,10.3,1
2012,12,20,2.06,4.01,2.03,7.55,0.271272,6.1,0.73
2013,1,3,2.42,3.96,2.37,5.96,0.2886456,2.2,1.03
2013,1,9,2.39,3.99,2.39,5.57,0.2795016,3.7,1.12
2013,1,16,0.4,6.56,0.721,48.4,0.4105656,4.1,24.7
2013,1,23,3.03,4.78,2.94,6.15,0.2795016,0.6,0.85
2013,1,30,1.89,2.32,1.9,6.48,0.2938272,6.9,0.89
2013,2,6,2.3,2.59,2.3,220,0.28956,3.3,1.18
2013,2,13,2.05,3.45,2.09,48.4,0.295656,4.2,1.77
2013,2,20,1.88,1.5,1.89,10.6,0.2932176,2.6,2.49
2013,2,27,0.61,1.5,0.97,42.3,0.3468624,6.4,15.72
2013,3,5,2.17,2.16,2.17,6.58,0.286512,3.9,1.67
2013,3,13,1.37,1.5,1.46,11.4,0.3166872,6.5,5.98
2013,3,20,1.79,2.27,1.75,7.97,0.2962656,5.8,2.07
2013,3,27,1.26,1.5,1.46,8.27,0.3023616,5.5,3.33
2013,4,3,2.06,2.43,2.17,9.1,0.2862072,5.2,0.95
2013,4,9,1.47,2.22,1.63,6.78,0.283464,16.9,0.94
2013,4,23,1.71,2.36,1.82,11.6,0.2919984,12.4,1.39
2013,5,1,1.65,1.5,1.8,17.5,0.2892552,14.1,1.39
2013,5,8,1.27,3.96,1.52,35.2,0.2855976,16.4,2.54
2013,5,15,1.85,4.21,1.91,19.5,0.3048,18.7,1.36
2013,5,22,2.22,22.1,2.42,35.4,0.2746248,20.5,1.49
2013,5,30,1.66,29.6,1.64,49,0.268224,20.6,0.98
2013,6,6,1.58,49.3,1.61,50.1,0.2676144,17.8,0.7
2013,6,12,1.7,1.5,1.84,54.3,0.298704,19.7,1.65
2013,6,26,1.07,32.9,1.13,58.1,0.268224,22.5,1.51
2013,7,3,0.97,99.3,1.25,157,0.347472,21.9,13.28
2013,7,9,1.15,44.3,1.26,53.9,0.265176,22.7,1.97
2013,7,17,1.3,50.3,1.33,66.8,0.265176,23.4,1.79
2013,7,24,0.9,54.1,1.07,64.9,0.256032,22.3,2.15
2013,7,31,1.14,42.4,1.26,63.5,0.25908,20.3,1.45
2013,8,7,0.9,35.9,1.19,46.5,0.256032,19.5,2.06
2013,8,14,1.25,33.7,1.36,42.7,0.2724912,18.6,1.68
2013,8,21,1.37,39.2,1.46,51.6,0.268224,20.8,1.84
2013,8,28,0.57,5.86,0.81,98,0.2657856,21.7,1.75
2013,9,5,1.03,56.7,1.1,60.8,0.256032,21.1,0.86
2013,9,11,0.93,58.9,1.75,117,0.256032,24.4,0.75
2013,9,18,0.64,19.9,0.768,41.3,0.2508504,15.1,0.6
2013,9,26,1.12,17,1.22,43.2,0.2523744,15.8,3.83
2013,10,3,0.51,29.3,0.591,46.2,0.2493264,19.5,0.67
2013,10,10,0.46,67.8,0.658,107,0.3541776,14.4,7.43
2013,10,17,1.17,17.9,1.21,23.6,0.286512,17.3,20
2013,10,25,1.92,24.5,1.9,15.1,0.2746248,11.1,0.55
2013,10,31,1.21,8.92,1.29,31.1,0.27432,13.4,0.86
2013,11,7,1.32,42.2,1.46,77.9,0.2993136,15.4,1.34
2013,11,14,2.17,15.2,2.17,11.1,0.2657856,6.4,0.35
2013,11,21,2.03,10,2.03,14.3,0.2639568,5.7,0.46
2013,11,26,2.48,22,2.4,27.1,0.249936,2.6,0.5
2013,12,4,2.14,8.77,2.17,10.3,0.2746248,7.4,0.67
2013,12,13,2.16,8.09,2.23,9.92,0.28956,1.9,0.98
2013,12,19,2.12,7.63,2.39,131,0.295656,2.9,1.29
2013,12,24,1.04,5.89,1.31,45.3,0.323088,5.6,5.6
2014,1,9,2.55,6.75,2.59,7.06,0.286512,1.2,0.8
2014,1,15,1.36,4.63,1.6,29.7,0.316992,4.7,4.01
2014,1,23,2.94,7.53,2.84,12.3,0.28956,0.3,0.82
2014,1,29,2.87,7.59,2.88,4.19,0.283464,0.4,0.67
2014,2,6,1.51,3.88,1.78,28.5,0.329184,2.1,4.31
2014,2,12,2.85,7.77,2.97,4.81,0.292608,0.8,0.92
2014,2,19,1.07,4.19,1.5,48.3,0.33528,3.5,30.9
2014,2,26,1.88,9.03,2,11.9,NA,3.6,1.76
2014,3,6,2.03,4.97,2.08,9.03,0.292608,3.1,1.34
2014,3,11,1.26,3.86,1.67,15.8,NA,NA,NA
2014,3,19,1.31,3.95,1.82,10.9,0.301752,4.8,4.85
2014,3,24,2.02,5.29,2.82,5.82,0.291084,3.8,1.32
2014,4,2,1.65,4.57,2,12.3,0.307848,7.7,2.08
2014,4,9,1.41,4.93,1.67,15.9,0.301752,11.7,2.31
2014,4,16,1.08,7.01,1.63,38.9,0.323088,8.2,7.16
2014,4,23,2.01,4.87,2.01,12.4,0.286512,11.9,1.67
2014,4,30,0.36,17.2,0.551,226,0.688848,10.5,62.4
2014,5,7,1.62,5.52,2.36,17,0.301752,12.6,1.28
2014,5,14,1.56,5.42,2.03,16.2,0.292608,16,1.39
2014,5,21,2.09,19.2,2.86,14.1,0.3041904,15.3,2.13
2014,5,27,1.7,19.1,2.19,23,0.2901696,18.7,1.19
2014,6,4,1.25,18.9,1.84,37.4,0.280416,19.8,2.45
2014,6,11,1.03,12.8,1.57,53.6,0.298704,21.7,NA
2014,6,18,1.12,41.3,1.97,54.7,0.2688336,NA,1.6
2014,6,25,1.62,39.4,1.62,51.6,0.268224,22.4,4.17
2014,7,2,1.02,51.6,1.12,65.2,0.25908,24.9,2.43
2014,7,9,0.49,28,0.668,42.6,0.256032,22.8,1.88
2014,7,16,0.8,35,1.19,49.4,0.27432,21.5,1.25
2014,7,23,1.18,33.6,1.27,60,0.2718816,22.6,2.31
2014,7,30,1.03,39.4,1.08,49.3,0.2599944,13.1,11.57
2014,8,5,0.84,30.9,1,53.2,0.2691384,21.9,1.14
2014,8,13,0.48,41.6,0.801,74.9,0.3166872,21.5,1.77
2014,8,21,1.2,33.3,1.31,52.2,NA,20.4,1.84
2014,8,27,1.3,35.4,1.21,47.2,0.2566416,20.1,0.81
2014,9,3,0.48,25.9,0.601,41.9,0.256032,21.9,1.48
2014,9,11,0.85,38.8,0.863,53.1,0.2535936,20.6,0.89
2014,9,18,2.53,26.2,4.51,43,0.2517648,16.3,0.84
2014,9,25,0.66,80.3,1.41,132,0.374904,16.7,14.3
2014,10,1,0.49,28.2,0.908,50.4,0.283464,18.7,3.72
2014,10,8,0.54,30.8,0.672,36.6,0.2593848,16.3,1.52
2014,10,16,0.33,29.2,0.588,61.8,0.3038856,16.9,4.86
2014,10,22,1.16,30.2,1.16,37.7,0.2679192,14.2,0.36
2014,10,29,0.98,6.08,0.889,NA,0.2679192,14.7,0.55
2014,11,5,1.23,4.32,1.15,11.4,0.2648712,12,0.35
2014,11,12,2.09,9.27,2.48,37,0.280416,13,0.83
2014,11,19,2.03,3.37,2.2,3.71,0.27432,2,1.14
2014,11,26,0.18,7.31,1.25,92.3,0.432816,6.1,20
2014,12,3,0.77,1.5,1.33,30.1,0.3166872,6.3,5.66
2014,12,10,1.08,1.5,1.52,10,0.3075432,5.5,3.97
2014,12,17,1.22,8.45,1.44,9.22,0.298704,6.7,3.94
2014,12,23,0.83,1.5,1.17,11.5,0.3176016,4.9,6.56
2015,1,2,2.55,3.15,3.05,5.04,0.2859024,3.3,0.66
2015,1,9,6.19,24.6,6.19,24.6,0.286512,0.4,1.03
2015,1,14,1.99,1.5,2.48,8.68,0.286512,1.1,1.5
2015,1,21,2.39,2.75,2.39,4.33,0.277368,2.3,1.03
2015,1,27,1.75,1.5,1.75,5.13,0.307848,2.2,2.16
2015,2,4,2.39,2.13,2.91,53.9,0.292608,2.5,1.31
2015,2,11,2.3,2.5,2.3,3.77,0.292608,2.8,1.26
2015,2,25,2.64,2.34,2.64,4.04,0.280416,0.3,0.81
2015,3,4,1.83,1.5,1.83,14.8,0.301752,2.6,3.25
2015,3,11,0.72,9.39,0.883,41.8,0.390144,2.4,5.92
2015,3,18,1.6,2.95,1.6,10.5,0.3041904,4.7,2.36
2015,3,25,2.02,3.33,2.02,8.03,0.2919984,5.3,1.61
2015,4,1,1.8,35.1,1.86,52.9,0.2953512,8.1,1.46
2015,4,8,1.29,26.1,1.44,58.3,0.310896,10.2,4.37
2015,4,15,1.1,28.8,1.2,45.1,0.292608,12.2,1.07
2015,4,22,0.97,27.5,1.23,53.3,0.292608,15.7,2.14
2015,4,29,1.34,34.2,1.49,57.9,0.27432,16.1,1.11
2015,5,6,1.18,38.4,1.29,61.8,0.2740152,19.1,1.5
2015,5,14,1.64,45,1.62,71.7,0.2587752,14.8,0.98
2015,5,19,0.83,31.5,1.11,57.8,0.262128,20.6,4.25
2015,5,28,1.1,66.4,1.22,120,0.2566416,21.2,4.63
2015,6,3,0.95,44.5,1.29,68.7,0.2877312,15.6,2.02
2015,6,9,0.77,35.6,1.24,115,0.3105912,20.4,5.61
2015,6,17,0.92,81.8,1.08,87.3,0.2740152,21.6,1.86
2015,6,24,0.88,61.3,1.12,57.8,0.318516,20.9,3.54
2015,7,2,1.11,32.5,1.39,67.5,0.316992,19.5,7.35
2015,7,8,1.15,53.6,1.18,53.9,0.298704,21.9,0.84
2015,7,15,0.85,42.8,0.951,47.4,0.3048,21.5,2.01
2015,7,22,1.22,89.8,1.19,97.5,0.2679192,21.6,0.88
2015,7,29,0.95,79.3,0.996,85.7,0.256032,22.5,1.35
2015,8,5,0.81,73.5,0.806,77.9,0.2496312,22.3,1.58
2015,8,12,0.93,77.2,2.32,80.9,0.2496312,21.4,1.67
2015,8,19,0.65,104,0.697,104,0.2435352,22.4,1.08
2015,8,26,0.46,44,0.474,70,0.2587752,19.7,1.29
2015,9,3,0.66,50.8,0.66,57.1,0.2450592,23.9,1.33
2015,9,9,0.4,76.6,0.452,83.5,0.2435352,26.7,1.15
2015,9,16,1.02,78.3,1.02,73.4,0.257556,17.9,0.58
2015,9,24,0.77,89.4,0.699,89.4,0.249936,16.9,0.52
2015,9,30,0.69,59.3,0.754,110,0.329184,20.8,4.85
2015,10,7,1.57,64.2,1.57,69.1,NA,15.4,0.62
2015,10,14,1.37,94.8,1.35,156,0.2685288,14.2,1.13
2015,10,21,1.73,125,1.73,125,0.272796,11.5,0.23
2015,10,29,0.47,73.8,0.756,119,0.359664,16.1,4.97
2015,11,4,1.09,95.6,1.48,104,0.272796,13.2,0.82
2015,11,12,0.54,36.3,0.738,90,0.3410712,12.4,NA
2015,11,18,1.33,92.8,1.38,92.8,0.2721864,10.3,0.68
2015,11,25,1.71,89,1.71,89,0.2746248,6.5,0.46
2015,12,2,0.54,28.7,0.628,71.2,0.385572,10.5,7.15
2015,12,9,2.09,81,2.09,81,0.2810256,6.4,0.75
2015,12,17,0.95,35.4,1.03,49.8,0.315468,9.9,4.21
2015,12,23,1.54,50.2,1.56,50.2,0.2868168,11.5,1.29
2015,12,30,1.18,41.7,1.28,41.7,0.310896,10,4.77
2016,1,6,2.91,65.2,2.91,65.2,0.277368,1.2,0.54
2016,1,14,2.55,58.2,2.55,58.2,0.286512,2.4,0.85
2016,1,28,1.94,44.1,1.94,44.1,0.301752,1.7,1.2
2016,2,3,0.8,13.6,0.988,74.1,0.435864,1.8,23.5
2016,2,10,1.69,41.9,1.61,54.7,0.307848,3.2,3.21
2016,2,18,1.71,36.7,1.71,36.7,0.307848,3.1,2.64
2016,2,24,0.66,19.9,0.792,74.3,0.41148,5.1,21.3
2016,3,2,2.07,48.4,2.07,48.4,0.298704,7,2.34
2016,3,9,1.79,57.6,1.79,57.6,0.286512,11.7,1.3
2016,3,16,1.73,54.6,1.73,54.6,0.301752,11.1,2.17
2016,3,23,1.87,56.6,1.87,56.6,0.286512,9.2,1.39
2016,3,31,1.85,58.1,1.8,58.1,0.286512,11.1,1.01
2016,4,7,0.6,47.8,0.86,130,0.469392,10.8,55.3
2016,4,14,1.97,60.6,1.97,60.6,0.286512,12.3,1.11
2016,4,21,1.65,62.6,1.65,62.6,0.277368,12.8,0.78
2016,4,28,1.23,59.8,1.55,135,0.347472,12.4,6.4
2016,5,6,0.7,38.8,1.49,411,0.54864,12,70.6
2016,5,13,1.86,59.1,1.86,58.2,0.292608,15.1,2.06
2016,5,19,2.03,68.3,2.03,65.7,0.280416,14.1,0.8
2016,6,1,1.68,99.6,1.68,104,0.268224,21.9,0.93
2016,6,8,1.91,87.1,1.84,102,0.2740152,17.7,1.09
2016,6,15,2.33,107,2.28,132,0.2983992,19.1,4.65
2016,6,22,1.13,92.6,1.6,155,0.2599944,21.4,5.41
2016,6,29,0.79,53.3,0.904,66.3,0.048768,21.3,2.34
2016,7,8,1,104,1.12,151,0.2618232,24.7,2.85
2016,7,13,1.45,61.7,1.44,79.9,0.1978152,23.4,4.86
2016,7,20,0.77,91.1,0.67,91.1,0.249936,22.4,NA
2016,7,27,0.7,114,0.784,119,0.237744,25.9,NA
2016,8,3,0.91,60.1,0.873,60.7,0.262128,22.8,2.03
2016,8,10,0.79,72.7,0.773,78,0.256032,23.4,3.29
2016,8,17,0.8,78.9,0.756,85.6,0.2551176,24.8,1.48
2016,8,26,0.62,86.6,0.627,82.7,0.24384,24.5,0.72
2016,8,31,0.66,82.4,0.729,107,0.2505456,22.1,NA
2016,9,21,0.29,63.1,2.7,414,0.2502408,21.3,4.44
2016,9,28,0.57,110,0.69,114,0.2435352,17.5,2.27
2016,10,5,0.98,84,1.12,93.5,0.2657856,16.3,2.74
2016,10,13,1.72,110,1.72,110,0.2557272,13.3,0.88
2016,10,18,1.08,114,1,114,0.256032,16.8,0.99
2016,10,26,0.58,99.3,0.58,99.3,0.2566416,8.8,0.7
2016,11,2,0.6,107,0.565,107,0.260604,12.4,0.43
2016,11,8,0.72,107,0.647,107,0.257556,9.8,0.3
2016,11,16,0.96,86,0.936,86,0.262128,9.4,0.29
2016,11,23,1.03,86.5,1.06,86.5,0.262128,4.8,0.26
2016,11,30,0.43,73.6,0.519,91.9,0.3438144,12,6.26
2016,12,7,0.53,49.3,0.834,57.7,0.3048,8.2,4
2016,12,14,1.67,73,1.67,73,0.271272,4.6,0.44
2016,12,21,1.89,73.2,1.98,73.2,0.27432,3,0.67
2016,12,29,0.98,36.1,1,35.4,0.298704,5.3,5.7
2017,1,4,1.13,34.7,1.22,54.2,0.32004,10.8,7.06
2017,1,12,1.14,44.8,1.15,44.8,0.29718,6.9,5.07
2017,1,25,1.55,54.5,1.64,53.2,0.3041904,6.9,3.34
2017,2,1,2.46,77.7,2.46,77.7,0.027432,4.5,0.92
2017,2,8,1.92,52.1,1.9,54.3,0.277368,11.2,1.16
2017,2,15,1.82,76.1,1.75,76.1,0.27432,5.4,1.03
2017,2,23,1.55,73.4,1.53,73.4,0.271272,13.3,0.96
2017,3,3,1.48,74,1.48,74,0.27432,6.7,1.39
2017,3,8,1.26,65.9,1.4,65.9,0.2740152,12,1.39
2017,3,22,1.27,65.3,1.46,65.3,0.2923032,8,1.89
2017,3,29,1.24,69.4,1.37,69.4,0.280416,12.8,1.24
